seed,n_legit,n_rogue,quantum_auc,quantum_time_s,rbf_auc,rbf_time_s,linear_pca_auc,linear_pca_time_s,iforest_auc,iforest_time_s
0.0,100.0,35.0,0.6888888888888889,37.477362125064246,1.0,0.0009217920014634728,1.0,0.0007318749558180571,0.7422222222222222,0.032572416006587446
1.0,100.0,35.0,0.9911111111111112,37.63261558394879,1.0,0.0008207089267671108,1.0,0.0006237080087885261,0.72,0.030209542019292712
2.0,100.0,35.0,0.9111111111111112,37.80406620900612,1.0,0.0008556669345125556,1.0,0.0005932080093771219,0.7466666666666666,0.03058287501335144
